"Название ресурса","URL-адрес ресурса","Тематики ресурса","Тип ресурса","Медиахолдинг","Данные Метрики","Посетители (кросс-девайс)","Посетители (браузер)","Среднее время","Доля пользователей приложения","Дневная аудитория"
"«Комсомольская правда» — газета // WWW.KP.RU","kp.ru","Новости и СМИ->Деловые новости, Бизнес, Новости и СМИ, Бизнес->Деловые новости, Новости и СМИ->Газеты, журналы","Новости","Комсомольская правда Digital","да","24927886","39304550","00:07:22","0.001296494209576537","1931612"
"«РИА Новости» — информационное агентство","ria.ru","Новости и СМИ->Деловые новости, Бизнес, Новости и СМИ, Бизнес->Деловые новости","Новости","РИА","да","24116553","41639600","00:11:15","0.0","2802657"
"«Lenta.ru» — интернет-газета","lenta.ru","Новости и СМИ","Новости","Rambler&Co","да","23115280","38139850","00:13:57","0.0","2589051"
"«Вести.ru» — интернет-канал","vesti.ru","Новости и СМИ->Телевидение, Новости и СМИ","Новости","ВГТРК","да","23007940","36277100","00:07:27","0.0016074921462865272","2172239"
"«Газета.ru» — интернет-газета","gazeta.ru","Новости и СМИ, Новости и СМИ->Газеты, журналы","Новости","Rambler&Co","да","22676196","38112350","00:13:38","0.0","2509809"
"Московский Комсомолец (МК) — газета","mk.ru","Новости и СМИ, Новости и СМИ->Газеты, журналы","Новости","Московский Комсомолец","да","18037608","28056850","00:07:35","0.0","1660267"
"«РосБизнесКонсалтинг» — информационное агентство","rbc.ru","Новости и СМИ->Деловые новости, Бизнес, Новости и СМИ, Бизнес->Деловые новости","Новости","РБК","да","17250922","28646900","00:13:36","0.0101362567895988","1723393"
"«Russia Today» — телеканал","rt.com","Новости и СМИ->Деловые новости, Бизнес, Новости и СМИ, Бизнес->Деловые новости","Новости","","да","14981403","24172800","00:06:21","0.0","1432308"
"«Аргументы и факты» — газета | aif.ru","aif.ru","Новости и СМИ->Деловые новости, Бизнес, Новости и СМИ, Бизнес->Деловые новости, Новости и СМИ->Газеты, журналы","Новости","","да","14116315","20451100","00:03:41","0.0","834980"
"«ТАСС» — государственное информационное агентство","tass.ru","Новости и СМИ->Деловые новости, Бизнес, Новости и СМИ, Бизнес->Деловые новости","Новости","","да","12400275","18531150","00:04:06","0.0","811636"
"Дни.ру – влиятельная российская интернет-газета","dni.ru","Новости и СМИ->Деловые новости, Бизнес, Новости и СМИ, Бизнес->Деловые новости","Новости","","да","10804986","15494750","00:09:32","0.0","1220524"
"«НТВ» — телекомпания","ntv.ru","Новости и СМИ->Телевидение, Новости и СМИ","Новости","Газпром-Медиа Холдинг","да","9974258","14066600","00:07:00","0.02210367880525255","574426"
"Ура.ру — информационное агентство","ura.news","Новости и СМИ->Деловые новости, Бизнес, Новости и СМИ, Бизнес->Деловые новости","Новости","","да","9792865","14167500","00:05:02","0.0","718371"
"Федеральное агентство новостей. Новости со всего мира","riafan.ru","Новости и СМИ->Деловые новости, Бизнес, Новости и СМИ, Бизнес->Деловые новости","Новости","","да","9433983","13404650","00:03:47","0.0","665102"
"«Life.ru» — информационный портал","life.ru","Новости и СМИ, Новости и СМИ->Газеты, журналы","Новости","","да","9000735","12863500","00:05:19","0.0","542897"
"Коммерсантъ — издательский дом","kommersant.ru","Новости и СМИ, Новости и СМИ->Газеты, журналы","Новости","","да","8863662","13326400","00:06:15","0.0","624862"
"«Российская газета» — издание Правительства РФ","rg.ru","Новости и СМИ, Новости и СМИ->Газеты, журналы","Новости","","","8630000","12300000","","",""
"Starhit.ru — портал о жизни звезд","starhit.ru","Новости и СМИ, Новости и СМИ->Газеты, журналы","Новости","HSM","да","8225321","12234100","00:04:42","0.0","601826"
"«Первый канал» — официальный сайт","1tv.ru","Новости и СМИ->Телевидение, Новости и СМИ","Новости","","","7670000","10900000","","",""
"«Телепрограмма» — онлайн-версия женского журнала","teleprogramma.pro","Новости и СМИ, Новости и СМИ->Газеты, журналы","Новости","Комсомольская правда Digital","да","7379716","10224050","00:05:05","0.0","491123"
"«Regnum» — федеральное информационное агентство","regnum.ru","Новости и СМИ->Деловые новости, Бизнес, Новости и СМИ, Бизнес->Деловые новости","Новости","","да","7379582","10836600","00:03:06","0.0","494844"
"«7 дней» — развлекательный портал","7days.ru","Новости и СМИ, Новости и СМИ->Газеты, журналы","Новости","Газпром-Медиа Холдинг","да","7197152","10221150","00:04:48","0.0","538610"
"«Звезда» — телерадиокомпания","tvzvezda.ru","Новости и СМИ->Телевидение, Новости и СМИ","Новости","","да","6715854","9356300","00:02:13","0.0","375325"
"«Эхо Москвы» — радиостанция","echo.msk.ru","Новости и СМИ","Новости","Газпром-Медиа Холдинг","да","6571721","10073900","00:17:44","0.0","614147"
"Телеканал Царьград последние новости онлайн","tsargrad.tv","Новости и СМИ->Телевидение, Новости и СМИ","Новости","","да","6387328","8925050","00:04:31","0.0","428354"
"«Гарант» — информационно-правовой портал","garant.ru","Государство и общество, Новости и СМИ->Деловые новости, Государство и общество->Законодательство, Бизнес, Новости и СМИ, Бизнес->Деловые новости","Новости","","","5980000","8550000","","",""
"«Взгляд» — деловая газета","vz.ru","Новости и СМИ->Деловые новости, Бизнес, Новости и СМИ, Бизнес->Деловые новости","Новости","","да","5920902","8835250","00:09:28","0.0","476771"
"«Известия.Ru» — ежедневная газета | IZ.RU","iz.ru","Новости и СМИ->Деловые новости, Бизнес, Новости и СМИ, Бизнес->Деловые новости","Новости","","","5900000","8470000","","",""
"«360» — телеканал","360tv.ru","Новости и СМИ->Деловые новости, Бизнес, Новости и СМИ, Бизнес->Деловые новости","Новости","","да","5699419","7984050","00:02:17","0.0","289551"
"24 СМИ","24smi.info","Новости и СМИ->Деловые новости, Бизнес, Новости и СМИ, Бизнес->Деловые новости","Новости","","","5670000","8440000","","",""
"Экспресс газета - сетевое издание | EG.RU","eg.ru","Новости и СМИ->Деловые новости, Бизнес, Новости и СМИ, Бизнес->Деловые новости","Новости","Комсомольская правда Digital","да","5185232","7275850","00:04:52","0.0","341894"
"«Ведомости» — ежедневная деловая газета","vedomosti.ru","Новости и СМИ->Деловые новости, Бизнес, Новости и СМИ, Бизнес->Деловые новости","Новости","","да","4893042","6978250","00:02:58","0.0","255371"
"Народные Новости — информационное агентство","nation-news.ru","Новости и СМИ->Деловые новости, Бизнес, Новости и СМИ, Бизнес->Деловые новости","Новости","","да","4835248","6511100","00:02:30","0.0","267954"
"«Фонтанка.ру» — петербургская интернет-газета","fontanka.ru","Новости и СМИ->Деловые новости, Бизнес, Новости и СМИ, Бизнес->Деловые новости","Новости","","да","4745701","7028700","00:07:58","0.0","322457"
"Все новости столицы, России и мира - Вечерняя Москва","vm.ru","Новости и СМИ, Новости и СМИ->Газеты, журналы","Новости","","да","4640054","6248800","00:02:33","0.0","251780"
"«M24.ru» — московское сетевое издание","m24.ru","Новости и СМИ","Новости","","да","4639804","6477650","00:01:24","0.0","221740"
"Wi-fi.ru — информационно-развлекательный портал","wi-fi.ru","Новости и СМИ","Новости","Максима Телеком","да","4257697","7702350","01:09:14","0.0","875170"
"ФБА «Экономика сегодня» Новости экономики","rueconomics.ru","Новости и СМИ->Деловые новости, Бизнес, Новости и СМИ, Бизнес->Деловые новости","Новости","","да","4159226","5621100","00:02:49","0.0","241376"
"«НГС.Новосибирск» — городской портал","ngs.ru","Новости и СМИ->Деловые новости, Бизнес, Новости и СМИ, Бизнес->Деловые новости","Новости","HSM","да","4096668","6207350","00:19:18","0.0","289512"
"Ридус — агентство гражданской журналистики","ridus.ru","Новости и СМИ, Новости и СМИ->Газеты, журналы","Новости","","да","4068684","5394800","00:02:26","0.0","197560"
"«Екатеринбург Он-Лайн» — региональный портал","e1.ru","Новости и СМИ, Новости и СМИ->Газеты, журналы","Новости","HSM","да","3983309","6038350","00:28:54","0.0","296098"
"MSN Россия | Новости, фото, погода, Skype и Outlook","msn.com","Новости и СМИ->Деловые новости, Бизнес, Новости и СМИ, Бизнес->Деловые новости","Новости","","да","3982650","6537200","00:51:11","0.0","504820"
"«Аргументы недели» — еженедельная газета","argumenti.ru","Новости и СМИ, Новости и СМИ->Газеты, журналы","Новости","","да","3704305","4914950","00:02:39","0.0","202685"
"Новости :: Москва :: RusNews","news-press24.com","Новости и СМИ, Новости и СМИ->Газеты, журналы","Новости","","","3510000","4650000","","",""
"Национальная служба новостей - НСН","nsn.fm","Новости и СМИ->Деловые новости, Бизнес, Новости и СМИ, Бизнес->Деловые новости","Новости","Мультимедиа Холдинг","да","3387644","4523000","00:01:27","0.0","160232"
"Информационный портал телерадиокомпании «Мир»","mir24.tv","Новости и СМИ->Деловые новости, Бизнес, Новости и СМИ->Телевидение, Новости и СМИ, Бизнес->Деловые новости","Новости","","да","3308475","4353050","00:01:38","0.0","143673"
"«Пятый канал» — официальный сайт телерадиокомпании","5-tv.ru","Новости и СМИ->Телевидение, Новости и СМИ","Новости","","","3290000","4470000","","",""
"«ИноСМИ.ru» — переводы публикаций зарубежных СМИ","inosmi.ru","Новости и СМИ->Деловые новости, Бизнес, Новости и СМИ, Бизнес->Деловые новости","Новости","РИА","да","3278699","4729050","00:09:08","0.0","238061"
"«Утро.ru» — ежедневная электронная газета","utro.ru","Новости и СМИ->Деловые новости, Бизнес, Новости и СМИ, Бизнес->Деловые новости","Новости","","да","3272643","4384650","00:02:46","0.0","211575"
"Невские Новости","nevnov.ru","Новости и СМИ->Деловые новости, Бизнес, Новости и СМИ, Бизнес->Деловые новости","Новости","","да","3202890","4700700","00:03:37","0.0","206879"
"«РЕН ТВ» — телеканал","ren.tv","Новости и СМИ->Телевидение, Новости и СМИ","Новости","","","3050000","4620000","","",""
"oksmi.site","oksmi.site","Новости и СМИ, Новости и СМИ->Газеты, журналы","Новости","","","2960000","4020000","","",""
"Политические новости и аналитика. Политика дома...","infox.sg","Новости и СМИ->Деловые новости, Бизнес, Новости и СМИ, Бизнес->Деловые новости","Новости","","","2940000","4230000","","",""
"«BFM.ru» — деловой портал","bfm.ru","Новости и СМИ->Деловые новости, Бизнес, Новости и СМИ, Бизнес->Деловые новости","Новости","","да","2931043","3999750","00:01:23","0.0","137012"
"Meduza— независимый информационный портал","meduza.io","Новости и СМИ, Новости и СМИ->Газеты, журналы","Новости","","","2830000","4090000","","",""
"«Правда.Ру» — электронная газета","pravda.ru","Новости и СМИ->Деловые новости, Бизнес, Новости и СМИ, Бизнес->Деловые новости","Новости","Pravda.Ru","да","2828001","3813400","00:01:41","0.0","122083"
"Новости Приморья на PRIMPRESS.RU. Последние...","primpress.ru","Новости и СМИ->Деловые новости, Бизнес, Новости и СМИ, Бизнес->Деловые новости","Новости","","","2730000","3580000","","",""
"«Бизнес Оnline» — электронная газета","business-gazeta.ru","Новости и СМИ->Деловые новости, Бизнес, Новости и СМИ, Бизнес->Деловые новости","Новости","","да","2696250","3831000","00:06:38","0.0","161690"
"Eurasia Daily — информационное агентство","eadaily.com","Новости и СМИ->Деловые новости, Бизнес, Новости и СМИ, Бизнес->Деловые новости","Новости","","да","2689032","3642600","00:03:08","0.0","158758"
"«Нижний Новгород онлайн» — городской портал","nn.ru","Новости и СМИ","Новости","HSM","да","2629195","3689050","00:11:37","0.0","134921"
"ТВ Центр — телекомпания","tvc.ru","Новости и СМИ->Телевидение, Новости и СМИ","Новости","","","2610000","3560000","","",""
"«Anews.com» — новости и блоги","anews.com","Новости и СМИ, Новости и СМИ->Газеты, журналы","Новости","","да","2577594","3765900","00:14:38","0.0","225093"
"РИА ""Регион Online""","news-r.ru","Новости и СМИ->Деловые новости, Бизнес, Новости и СМИ, Бизнес->Деловые новости","Новости","","да","2473366","3263700","00:03:20","0.0","200006"
"Алтапресс — новости Барнаула и Алтайского края, статьи...","altapress.ru","Новости и СМИ->Деловые новости, Бизнес, Новости и СМИ, Бизнес->Деловые новости","Новости","","да","2443369","3166450","00:01:54","0.0","115261"
"Актуальные новости","actualnews.org","Новости и СМИ->Деловые новости, Бизнес, Новости и СМИ, Бизнес->Деловые новости","Новости","","да","2404038","3127100","00:01:59","0.0","124267"
"Новости InfoNIAC.ru","infoniac.ru","Новости и СМИ, Новости и СМИ->Газеты, журналы","Новости","","да","2376454","3130050","00:02:53","0.0","100694"
"RUPOSTERS - новости, которые вы заслужили!","ruposters.ru","Новости и СМИ->Деловые новости, Бизнес, Новости и СМИ, Бизнес->Деловые новости","Новости","","да","2370773","4670850","00:01:52","0.0","112544"
"«The Village» — городская интернет-газета","the-village.ru","Новости и СМИ->Деловые новости, Бизнес, Новости и СМИ, Бизнес->Деловые новости","Новости","","да","2342773","3431850","00:03:10","0.0","118946"
"RosRegistr - новости России и мира сегодня. Актуальная...","rosregistr.ru","Новости и СМИ->Деловые новости, Бизнес, Новости и СМИ, Бизнес->Деловые новости","Новости","","","2230000","2980000","","",""
"MIXER-NOVOSTEI","mixer-1ruplus.ru","Новости и СМИ->Деловые новости, Бизнес, Новости и СМИ, Бизнес->Деловые новости","Новости","","","2180000","2770000","","",""
"Кубанские новости — Ежедневная...","kubnews.ru","Новости и СМИ, Новости и СМИ->Газеты, журналы","Новости","","да","2126495","2750850","00:01:13","0.0","100963"
"ПолитЭксперт - Общественный политический журнал","politexpert.net","Новости и СМИ->Деловые новости, Бизнес, Новости и СМИ, Бизнес->Деловые новости","Новости","","да","2120845","2904900","00:03:16","0.0","131390"
"«Росбалт» — информационное агентство","rosbalt.ru","Новости и СМИ->Деловые новости, Бизнес, Новости и СМИ, Бизнес->Деловые новости","Новости","","да","2107947","2900700","00:02:30","0.0","98565"
"«Амител» — информационный сервер Алтайского края","amic.ru","Новости и СМИ->Деловые новости, Бизнес, Новости и СМИ, Бизнес->Деловые новости","Новости","","да","2106890","2772600","00:02:43","0.0","99752"
"«PenzaInform» — информационное агентство","penzainform.ru","Новости и СМИ","Новости","","да","2091123","2709500","00:01:31","0.0","104560"
"«Medialeaks» — развлекательный медиапроект","medialeaks.ru","Новости и СМИ","Новости","","да","2081800","2810100","00:02:11","0.0","103867"
"ПолитРоссия","politros.com","Новости и СМИ->Деловые новости, Бизнес, Новости и СМИ, Бизнес->Деловые новости","Новости","","да","2034033","2710400","00:03:22","0.0","118189"
"Yesasia: новости k-pop, j-pop и c-pop!","yesasia.ru","Новости и СМИ, Новости и СМИ->Газеты, журналы","Новости","","","1970000","2770000","","",""
"Новые известия — газета | Новые Известия newizv.ru","newizv.ru","Новости и СМИ, Новости и СМИ->Газеты, журналы","Новости","1Mediainvest","да","1940351","2638200","00:02:30","0.0","84183"
"MIXER-NOVOSTEI","kalinakmalinak.ru","Новости и СМИ","Новости","","","1910000","2430000","","",""
"Новости дня: последние новости России и мира сегодня...","zelv.ru","Новости и СМИ->Деловые новости, Бизнес, Новости и СМИ, Бизнес->Деловые новости","Новости","","да","1860545","2469950","00:03:18","0.0","129933"
"Независимое интернет-издание ""ДНИ24""","dni24.com","Новости и СМИ->Деловые новости, Бизнес, Новости и СМИ, Бизнес->Деловые новости","Новости","","да","1849699","2391200","00:02:25","0.0","99081"
"В городе N — портал Нижнего Новгорода","vgoroden.ru","Новости и СМИ, Новости и СМИ->Газеты, журналы","Новости","","да","1840744","2361300","00:01:36","0.0","80908"
"Орбита Sputnik","sputniknews.ru","Новости и СМИ->Деловые новости, Бизнес, Новости и СМИ, Бизнес->Деловые новости","Новости","","","1840000","2470000","","",""
"«Popcornnews.ru» — новостной блог о звездах кино","popcornnews.ru","Новости и СМИ, Новости и СМИ->Газеты, журналы","Новости","Киноафиша","да","1820610","2373450","00:01:14","0.0","81871"
"Новости Украины, каталог СМИ - Joinfo","joinfo.ua","Новости и СМИ->Деловые новости, Бизнес, Новости и СМИ, Бизнес->Деловые новости","Новости","","","1810000","2340000","","",""
"«Nur.kz» — казахстанский портал","nur.kz","Новости и СМИ->Деловые новости, Бизнес, Новости и СМИ, Бизнес->Деловые новости","Новости","","","1800000","2360000","","",""
"newzfeed.ru","newzfeed.ru","Новости и СМИ, Новости и СМИ->Газеты, журналы","Новости","","","1790000","2470000","","",""
"Новости на Znak.com - «Znak.com» — интернет-газета","znak.com","Новости и СМИ, Новости и СМИ->Газеты, журналы","Новости","","","1790000","2520000","","",""
"Кремлевская пресса — информационное агентство","sm-news.ru","Новости и СМИ, Новости и СМИ->Газеты, журналы","Новости","","да","1789755","2750600","00:02:53","0.0","81924"
"""Слово без границ"" - новости России и мира сегодня »","wordyou.ru","Новости и СМИ->Деловые новости, Бизнес, Новости и СМИ, Бизнес->Деловые новости","Новости","","","1750000","2240000","","",""
"Sputnik Армения - обновления новостей онлайн 24 часа","armeniasputnik.am","Новости и СМИ","Новости","","","1710000","2270000","","",""
"Провинция — издательский дом","province.ru","Новости и СМИ","Новости","","","1710000","2230000","","",""
"«Интерфакс» — информационное агентство","interfax.ru","Новости и СМИ->Деловые новости, Бизнес, Новости и СМИ, Бизнес->Деловые новости","Новости","","","1670000","2420000","","",""
"Наша версия — электронная версия газеты","versia.ru","Новости и СМИ, Новости и СМИ->Газеты, журналы","Новости","","да","1667270","2170300","00:02:27","0.0","67725"
"view-news.com","view-news.com","Новости и СМИ->Деловые новости, Бизнес, Новости и СМИ, Бизнес->Деловые новости","Новости","","","1650000","2100000","","",""
"«Свободная Пресса» — ежедневное интернет-издание","svpressa.ru","Новости и СМИ->Деловые новости, Бизнес, Новости и СМИ, Бизнес->Деловые новости","Новости","","","1630000","2400000","","",""
"«Дождь» — телеканал","tvrain.ru","Новости и СМИ->Телевидение, Новости и СМИ","Новости","","да","1613449","2232300","00:06:51","0.0","87494"
"Sputnik Беларусь — информационное издание","sputnik.by","Новости и СМИ->Деловые новости, Бизнес, Новости и СМИ, Бизнес->Деловые новости","Новости","","","1610000","2150000","","",""
"Информационно-аналитический портал Politpuzzle.ru","politpuzzle.ru","Новости и СМИ->Деловые новости, Бизнес, Новости и СМИ, Бизнес->Деловые новости","Новости","","да","1596907","2110400","00:02:29","0.0","86842"
"Новости Мойка 78","moika78.ru","Новости и СМИ->Деловые новости, Бизнес, Новости и СМИ, Бизнес->Деловые новости","Новости","","да","1574964","2094450","00:01:22","0.0","72394"
"Новости Перми и Пермского края | В-курсе.ру","v-kurse.ru","Новости и СМИ, Новости и СМИ->Газеты, журналы","Новости","","","1560000","2090000","","",""
"VSE42.RU - информационный сайт Кузбасса. Новости...","vse42.ru","Новости и СМИ, Новости и СМИ->Газеты, журналы","Новости","","","1540000","2090000","","",""
"«74.ру» — челябинский портал","74.ru","Новости и СМИ->Деловые новости, Бизнес, Новости и СМИ, Бизнес->Деловые новости","Новости","HSM","да","1531691","2248500","00:11:17","0.0","105127"
"Вести Воронеж","vestivrn.ru","Новости и СМИ->Деловые новости, Бизнес, Новости и СМИ, Бизнес->Деловые новости","Новости","ВГТРК","да","1526541","2078350","00:02:06","0.0","91296"
"Корреспондент — украинская сеть новостей","korrespondent.net","Новости и СМИ, Новости и СМИ->Газеты, журналы","Новости","","","1520000","2140000","","",""
"«Forbes Russia» — финансово-экономический журнал","forbes.ru","Финансы->Финансовые новости, Новости и СМИ->Финансовые новости, Новости и СМИ, Финансы","Новости","","","1480000","2080000","","",""
"Гродно 24 — Новости Гродно, новости Гродненской...","grodno24.com","Новости и СМИ->Деловые новости, Бизнес, Новости и СМИ, Бизнес->Деловые новости","Новости","","да","1467970","1856900","00:01:28","0.0","62808"
"«Bigmir) net» — информационный портал","bigmir.net","Новости и СМИ","Новости","","","1450000","1900000","","",""
"Sputnik Грузия: последние новости 2018 сегодня онлайн","sputnik-georgia.ru","Новости и СМИ->Деловые новости, Бизнес, Новости и СМИ, Бизнес->Деловые новости","Новости","","","1450000","1910000","","",""
"«Newsru.com» — новостной портал","newsru.com","Новости и СМИ->Деловые новости, Бизнес, Новости и СМИ, Бизнес->Деловые новости","Новости","","да","1431182","2092950","00:10:18","0.0","97414"
"«Om1.ru» — информационный портал г. Омска","om1.ru","Новости и СМИ, Новости и СМИ->Газеты, журналы","Новости","","да","1424936","1902000","00:02:07","0.0","76071"
"«Белновости» — информационно-новостной портал","belnovosti.by","Новости и СМИ->Деловые новости, Бизнес, Новости и СМИ, Бизнес->Деловые новости","Новости","","","1380000","1800000","","",""
"Как делать новости новости новости","howto-news.info","Новости и СМИ, Новости и СМИ->Газеты, журналы","Новости","","","1370000","1900000","","",""
"Пронедра: новости России и мира сегодня. Нефть и газ...","pronedra.ru","Новости и СМИ->Деловые новости, Бизнес, Новости и СМИ, Бизнес->Деловые новости","Новости","","","1370000","1830000","","",""
"ВашГород.ру — информационный портал","vashgorod.ru","Новости и СМИ->Деловые новости, Бизнес, Новости и СМИ, Бизнес->Деловые новости","Новости","","да","1364497","1765250","00:02:25","0.0","66889"
"БезФормата - Новости | Новости города | Лента","bezformata.com","Новости и СМИ->Деловые новости, Бизнес, Новости и СМИ, Бизнес->Деловые новости","Новости","","","1340000","1800000","","",""
"Новости Уфы и Башкирии - ToDay News Ufa","tdnu.ru","Новости и СМИ->Деловые новости, Бизнес, Новости и СМИ, Бизнес->Деловые новости","Новости","","да","1330119","1708850","00:00:51","0.0","65338"
"BBC - Homepage","bbc.com","Новости и СМИ, Новости и СМИ->Газеты, журналы","Новости","","","1330000","1860000","","",""
"«Metro» — газета","metronews.ru","Новости и СМИ, Новости и СМИ->Газеты, журналы","Новости","","да","1329425","1787600","00:01:24","0.0","54111"
"ИА КРАСНАЯ ВЕСНА. Мир через призму гибридных войн.","rossaprimavera.ru","Новости и СМИ","Новости","","да","1327624","1723450","00:01:32","0.0","60546"
"«Новая газета» — общеполитическая газета","novayagazeta.ru","Новости и СМИ->Деловые новости, Бизнес, Новости и СМИ, Бизнес->Деловые новости","Новости","","","1310000","1820000","","",""
"Bigpicture.ru — новости в фотографиях","bigpicture.ru","Новости и СМИ","Новости","","да","1305528","1839700","00:03:19","0.0","64122"
"Русская весна | Только проверенная информация","rusvesna.su","Новости и СМИ->Деловые новости, Бизнес, Новости и СМИ, Бизнес->Деловые новости","Новости","","да","1304620","2057000","00:28:01","0.0","111432"
"Петербургский правовой портал","ppt.ru","Новости и СМИ->Деловые новости, Бизнес, Новости и СМИ, Бизнес->Деловые новости","Новости","","","1300000","1740000","","",""
"Operativ şi veridic despre evenimentele din Republica...","sputnik.md","Новости и СМИ->Деловые новости, Бизнес, Новости и СМИ, Бизнес->Деловые новости","Новости","","","1290000","1670000","","",""
"1RRE — «1Pre.ru» — аналитический портал","1rre.ru","Новости и СМИ->Деловые новости, Бизнес, Новости и СМИ, Бизнес->Деловые новости","Новости","","","1280000","1650000","","",""
"Главная","week-news24.ru","Новости и СМИ","Новости","","","1250000","1660000","","",""
"NEWS.ru","news.ru","Новости и СМИ->Деловые новости, Бизнес, Новости и СМИ, Бизнес->Деловые новости","Новости","","","1240000","1690000","","",""
"A42.RU - Региональный сайт Кузбасса","a42.ru","Новости и СМИ","Новости","","","1230000","1600000","","",""
"Эксперт — деловой еженедельник и его приложения","expert.ru","Новости и СМИ->Деловые новости, Бизнес, Новости и СМИ, Бизнес->Деловые новости","Новости","","","1230000","1650000","","",""
"Инфореактор","inforeactor.ru","Новости и СМИ, Новости и СМИ->Газеты, журналы","Новости","","да","1218825","1628400","00:01:25","0.0","47047"
"«Говорит Москва» — радиостанция","govoritmoskva.ru","Новости и СМИ->Деловые новости, Бизнес, Новости и СМИ, Бизнес->Деловые новости","Новости","","","1170000","1590000","","",""
"Слово и Дело | Новости России и мира","slovodel.com","Новости и СМИ","Новости","","да","1149060","1474750","00:00:39","0.0","44921"
"КаспийИнфо | все новости Астрахани","kaspyinfo.ru","Новости и СМИ->Деловые новости, Бизнес, Новости и СМИ, Бизнес->Деловые новости","Новости","","","1130000","1480000","","",""
"Новости дня Санкт Петербурга и России – Газета СПб","gazeta.spb.ru","Новости и СМИ, Новости и СМИ->Газеты, журналы","Новости","","","1110000","1540000","","",""
"Новости Уфы и Республики Башкортостан: GTRK.TV","gtrk.tv","Новости и СМИ->Деловые новости, Бизнес, Новости и СМИ, Бизнес->Деловые новости","Новости","ВГТРК","да","1101803","1465750","00:00:56","0.0","56365"
"PrimaMedia — информационное агентство","primamedia.ru","Новости и СМИ","Новости","","","1100000","1460000","","",""
"Горобзор.ру — уфимский городской портал - Gorobzor.ru","gorobzor.ru","Новости и СМИ, Новости и СМИ->Газеты, журналы","Новости","","да","1091235","1477100","00:02:47","0.0","84813"
"Экспресс-Новости: последние новости в России и в мире...","express-novosti.ru","Новости и СМИ","Новости","","","1090000","1410000","","",""
"pik-news.com","pik-news.com","Новости и СМИ->Деловые новости, Бизнес, Новости и СМИ, Бизнес->Деловые новости","Новости","","","1060000","1350000","","",""
"Украина.ру - последние новости, события, аналитика...","ukraina.ru","Новости и СМИ->Деловые новости, Бизнес, Новости и СМИ, Бизнес->Деловые новости","Новости","","","1040000","1390000","","",""
"Портал OKA.FM - новости Серпухова, происшествия...","oka.fm","Новости и СМИ, Новости и СМИ->Газеты, журналы","Новости","","","1030000","1400000","","",""
"«Вести Экономика» — аналитические материалы","vestifinance.ru","Финансы->Финансовые новости, Новости и СМИ->Финансовые новости, Новости и СМИ, Финансы","Новости","ВГТРК","да","1025005","1417250","00:03:32","0.0","48852"
"«Клопс.ru» — калининградский новостной портал","klops.ru","Новости и СМИ->Деловые новости, Бизнес, Новости и СМИ, Бизнес->Деловые новости","Новости","","да","1019781","1503850","00:08:59","0.0","75727"
"«Proufu.ru» — новостной портал","proufu.ru","Новости и СМИ, Новости и СМИ->Газеты, журналы","Новости","","да","1016720","1415100","00:04:14","0.0","68016"
"Эконет.ру: новости, статьи, обзоры, блоги, видео, события в","econet.ru","Новости и СМИ, Новости и СМИ->Газеты, журналы","Новости","","","990000","1330000","","",""
"ToFight.Ru - Новости ММА и бокса. MMA News / Boxing News","tofight.ru","Новости и СМИ","Новости","","","985000","1290000","","",""
"«Sakh.com» — сахалинский портал","sakh.com","Новости и СМИ, Новости и СМИ->Газеты, журналы","Новости","","да","984380","1549500","01:00:08","0.11182676972150657","106543"
"«НГС.Красноярск» — городской портал Красноярска","ngs24.ru","Новости и СМИ, Новости и СМИ->Газеты, журналы","Новости","HSM","да","970064","1312550","00:03:55","0.0","50105"
"Новостное агентство Харькова: новости Украины, России...","nahnews.org","Новости и СМИ->Деловые новости, Бизнес, Новости и СМИ, Бизнес->Деловые новости","Новости","","","969000","1320000","","",""
"Sibnet.ru — сибирский портал - Сибнет","sibnet.ru","Новости и СМИ, Новости и СМИ->Газеты, журналы","Новости","","","965000","1420000","","",""
"Новости РОССИИ: последние новости дня - Деловой...","dk.ru","Новости и СМИ->Деловые новости, Бизнес, Новости и СМИ, Бизнес->Деловые новости","Новости","","да","961440","1493850","00:03:41","0.0","50685"
"TJournal— онлайн-издание о технологиях и трендах","tjournal.ru","Новости и СМИ, Новости и СМИ->Новости технологий","Новости","","","959000","1300000","","",""
"Сетевое издание Smolnarod.ru","smolnarod.ru","Новости и СМИ, Новости и СМИ->Газеты, журналы","Новости","","да","951294","1215100","00:01:29","0.0","39749"
"Shark News - умеем удивлятьShark News | Shark News...","sharknews.ru","Новости и СМИ->Деловые новости, Бизнес, Новости и СМИ, Бизнес->Деловые новости","Новости","","","945000","1240000","","",""
"Салiдарнасць — независимая интернет-газета","gazetaby.com","Новости и СМИ, Новости и СМИ->Газеты, журналы","Новости","","","941000","1210000","","",""
"KazanFirst - Главная","kazanfirst.ru","Новости и СМИ, Новости и СМИ->Газеты, журналы","Новости","","","940000","1240000","","",""
"«Реальное время» — онлайн-газета деловых новостей","realnoevremya.ru","Новости и СМИ->Деловые новости, Бизнес, Новости и СМИ, Бизнес->Деловые новости","Новости","","да","929999","1225200","00:01:55","0.0","39839"
"«Gorod48.ru» — информационный портал г. Липецка","gorod48.ru","Новости и СМИ->Деловые новости, Бизнес, Новости и СМИ, Бизнес->Деловые новости","Новости","","да","923572","1303550","00:09:40","0.0","64446"
"Репортёр","topcor.ru","Новости и СМИ->Деловые новости, Бизнес, Новости и СМИ, Бизнес->Деловые новости","Новости","","да","922921","1263900","00:03:34","0.0","48985"
"HELLO! - Daily royal, celebrity, fashion, beauty & lifestyle news","hellomagazine.com","Новости и СМИ, Новости и СМИ->Газеты, журналы","Новости","","","912000","1230000","","",""
"Информационное агентство «Новый Омск» - что ни день...","newsomsk.ru","Новости и СМИ","Новости","","","900000","1180000","","",""
"Новороссия","novorosinform.org","Новости и СМИ->Деловые новости, Бизнес, Новости и СМИ, Бизнес->Деловые новости","Новости","","","894000","1200000","","",""
"«Tut.by» — новости","news.tut.by","Новости и СМИ->Деловые новости, Бизнес, Новости и СМИ, Бизнес->Деловые новости","Новости","","","892000","1220000","","",""
"Rex — информационное агентство","iarex.ru","Новости и СМИ, Новости и СМИ->Газеты, журналы","Новости","","","891000","1180000","","",""
"«Версия-Саратов» — информационное агентство","nversia.ru","Новости и СМИ->Деловые новости, Бизнес, Новости и СМИ, Бизнес->Деловые новости","Новости","","да","887531","1167400","00:02:08","0.0","45370"
"Infox — информационный портал","infox.ru","Новости и СМИ->Деловые новости, Бизнес, Новости и СМИ, Бизнес->Деловые новости","Новости","","","884000","1150000","","",""
"Дейта.RU — региональное информационное агентство","deita.ru","Новости и СМИ->Деловые новости, Бизнес, Новости и СМИ, Бизнес->Деловые новости","Новости","","","878000","1220000","","",""
"«V1.ru» — информационный портал Волгограда","v1.ru","Новости и СМИ, Новости и СМИ->Газеты, журналы","Новости","HSM","да","876574","1202900","00:03:16","0.0","45472"
"ZMAN.com — израильское информационное агентство","9tv.co.il","Новости и СМИ->Деловые новости, Бизнес, Новости и СМИ, Бизнес->Деловые новости","Новости","","","875000","1130000","","",""
"FTimes.ru - свежие новости России и мира сегодня","ftimes.ru","Новости и СМИ->Деловые новости, Бизнес, Новости и СМИ, Бизнес->Деловые новости","Новости","","","873000","1110000","","",""
"«Мир новостей» — новости на сайте издательства","mirnov.ru","Новости и СМИ, Новости и СМИ->Газеты, журналы","Новости","","да","872970","1098550","00:01:05","0.0","33341"
"Суть Событий - электронное периодическое издание","argumentiru.com","Новости и СМИ->Деловые новости, Бизнес, Новости и СМИ, Бизнес->Деловые новости","Новости","","","870000","1120000","","",""
"«Cорок семь новостей из Ленинградской области»","47news.ru","Новости и СМИ, Новости и СМИ->Газеты, журналы","Новости","","да","866299","1167250","00:03:12","0.0","46208"
"«Башинформ» — информационное агентство","bashinform.ru","Новости и СМИ->Деловые новости, Бизнес, Новости и СМИ, Бизнес->Деловые новости","Новости","","да","864448","1164300","00:02:45","0.0","49300"
"Блокнот - Новости Воронежа. Информационный портал...","bloknot-voronezh.ru","Новости и СМИ, Новости и СМИ->Газеты, журналы","Новости","","да","855485","1182450","00:03:08","0.0","43214"
"«ЛипецкМедиа» — информационно-справочный портал","lipetskmedia.ru","Новости и СМИ->Деловые новости, Бизнес, Новости и СМИ, Бизнес->Деловые новости","Новости","","","849000","1120000","","",""
"«Собеседник» — издательский дом","sobesednik.ru","Новости и СМИ, Новости и СМИ->Газеты, журналы","Новости","","","841000","1110000","","",""
"Sputnik Қазақстан","sputniknews.kz","Новости и СМИ->Деловые новости, Бизнес, Новости и СМИ, Бизнес->Деловые новости","Новости","","","839000","1100000","","",""
"«72.ru» — Тюменский портал","72.ru","Новости и СМИ, Новости и СМИ->Газеты, журналы","Новости","HSM","да","834993","1172300","00:06:16","0.0","57269"
"Hi-News.ru — новости высоких технологий","hi-news.ru","Новости и СМИ->Деловые новости, Бизнес, Новости и СМИ, Бизнес->Деловые новости","Новости","","да","833449","1139950","00:02:30","0.0","36423"
"«Новый день» — новостной портал","newdaynews.ru","Новости и СМИ->Деловые новости, Бизнес, Новости и СМИ, Бизнес->Деловые новости","Новости","","","832000","1100000","","",""
"Sputnik Кыргызстан | Жаңылыктар, окуялар, пикирлер...","sputnik.kg","Новости и СМИ->Деловые новости, Бизнес, Новости и СМИ, Бизнес->Деловые новости","Новости","","","829000","1050000","","",""
"«LentaChel.ru» — челябинский интернет-портал","lentachel.ru","Новости и СМИ->Деловые новости, Бизнес, Новости и СМИ, Бизнес->Деловые новости","Новости","","да","824598","1086600","00:01:15","0.0","33964"
"Великая эпоха — международная газета","epochtimes.ru","Новости и СМИ, Новости и СМИ->Газеты, журналы","Новости","","","824000","1050000","","",""
"«БНК» — информационное агентство Республики Коми","bnkomi.ru","Новости и СМИ, Новости и СМИ->Газеты, журналы","Новости","","да","822744","1110050","00:04:24","0.0","46080"
"Столичное телевидение — телекомпания","ctv.by","Новости и СМИ->Телевидение, Новости и СМИ","Новости","","","817000","1030000","","",""
"Блокнот — новости Волгограда и области","bloknot-volgograd.ru","Новости и СМИ","Новости","","да","811588","1107150","00:02:12","0.0","42397"
"Советская Белоруссия — ежедневная газета","sb.by","Новости и СМИ->Деловые новости, Бизнес, Новости и СМИ, Бизнес->Деловые новости","Новости","","да","809703","1029850","00:01:09","0.0","29942"
"Век — общественно-политическая интернет-газета","wek.ru","Новости и СМИ, Новости и СМИ->Газеты, журналы","Новости","","","806000","1050000","","",""
"«Обозреватель» — интернет-газета","obozrevatel.com","Новости и СМИ, Новости и СМИ->Газеты, журналы","Новости","","","801000","1050000","","",""
"Петрозаводск ГОВОРИТ | Газета ""Петрозаводск"" online","ptzgovorit.ru","Новости и СМИ","Новости","","","801000","1030000","","",""
"«Русская планета» — дискуссионное онлайн-медиа","rusplt.ru","Новости и СМИ->Деловые новости, Бизнес, Новости и СМИ, Бизнес->Деловые новости","Новости","","","795000","1010000","","",""
"Последние новости Москвы, события и все развлечения...","moslenta.ru","Новости и СМИ","Новости","Rambler&Co","да","793434","1111900","00:01:51","0.0","44730"
"«Родной город» — сетевое издание Волгограда","rodgor-vlg.ru","Новости и СМИ->Деловые новости, Бизнес, Новости и СМИ, Бизнес->Деловые новости","Новости","","","792000","1000000","","",""
"CNews.ru — издание о высоких технологиях","cnews.ru","Новости и СМИ, Новости и СМИ->Новости технологий","Новости","","","787000","1090000","","",""
"Новости мира, России, Украины и Новороссии","pravda-tv.ru","Новости и СМИ->Деловые новости, Бизнес, Новости и СМИ, Бизнес->Деловые новости","Новости","","","781000","1000000","","",""
"Главные новости дня","newsread.top","Новости и СМИ->Деловые новости, Бизнес, Новости и СМИ, Бизнес->Деловые новости","Новости","","","778000","1010000","","",""
"Новости ДНР, ЛНР, Мира и Украины. Новостной Фронт","news-front.info","Новости и СМИ->Деловые новости, Бизнес, Новости и СМИ, Бизнес->Деловые новости","Новости","","да","771421","1071200","00:04:06","0.0","40502"
"«Парламентская газета» — издание парламента РФ","pnp.ru","Новости и СМИ, Новости и СМИ->Газеты, журналы","Новости","","","770000","991000","","",""
"Rusbase. Здесь зарабатывают на технологиях","rb.ru","Техника и технологии, Новости и СМИ->Деловые новости, Техника и технологии->Новости Hi-Tech, Бизнес, Новости и СМИ, Бизнес->Деловые новости","Новости","","","763000","1040000","","",""
"Нью Информ","newinform.com","Новости и СМИ->Деловые новости, Бизнес, Новости и СМИ, Бизнес->Деловые новости","Новости","","да","761169","1020650","00:02:32","0.0","32937"
"«Брянские новости» — интернет-газета","bragazeta.ru","Новости и СМИ","Новости","","да","759716","994750","00:01:32","0.0","34976"
"7х7 — Горизонтальная Россия — интернет-журнал","7x7-journal.ru","Новости и СМИ->Деловые новости, Бизнес, Новости и СМИ, Бизнес->Деловые новости","Новости","","","754000","988000","","",""
"«Радио свобода» — международная радиостанция","svoboda.org","Новости и СМИ","Новости","","","751000","1000000","","",""
"Огниво / index","ognyvo.ru","Новости и СМИ","Новости","","","749000","1000000","","",""
"Подмосковье сегодня — интернет-портал","mosregtoday.ru","Новости и СМИ, Новости и СМИ->Газеты, журналы","Новости","","","748000","970000","","",""
"Информационный портал NewsТУТ - свежие новости 2018...","newstut.ru","Новости и СМИ, Новости и СМИ->Газеты, журналы","Новости","","","747000","1000000","","",""
"78.ru | Официальный сайт телеканала | Новости политики...","78.ru","Новости и СМИ, Новости и СМИ->Газеты, журналы","Новости","","","742000","994000","","",""
